{"cameraMode":{"drawMode":0,"name":"Shaded","section":"Shading Mode"},"sceneLighting":true,"audioPlay":false,"sceneViewState":{"showFog":true,"showMaterialUpdate":false,"showSkybox":true,"showFlares":true,"showImageEffects":true,"showParticleSystems":true},"in2DMode":false,"pivot":{"x":-84.79277038574219,"y":-293.5078125,"z":-1.1672437191009522},"rotation":{"x":-0.4150114953517914,"y":0.5736266374588013,"z":-0.41851258277893069,"w":-0.5688301920890808},"size":414.0932312011719,"orthographic":false}