{"cameraMode":{"drawMode":0,"name":"Shaded","section":"Shading Mode"},"sceneLighting":true,"audioPlay":false,"sceneViewState":{"showFog":true,"showMaterialUpdate":false,"showSkybox":true,"showFlares":true,"showImageEffects":true,"showParticleSystems":true},"in2DMode":false,"pivot":{"x":-230.8883819580078,"y":-18.1331787109375,"z":61.55663299560547},"rotation":{"x":-0.13590799272060395,"y":0.6347723603248596,"z":-0.11472854018211365,"w":-0.751952052116394},"size":858.9241943359375,"orthographic":false}