{"cameraMode":{"drawMode":0,"name":"Shaded","section":"Shading Mode"},"sceneLighting":true,"audioPlay":false,"sceneViewState":{"showFog":true,"showMaterialUpdate":false,"showSkybox":true,"showFlares":true,"showImageEffects":true,"showParticleSystems":true},"in2DMode":false,"pivot":{"x":19.47153091430664,"y":-2.4810791015625,"z":26.67648696899414},"rotation":{"x":0.05577385053038597,"y":-0.9021883606910706,"z":0.1228276938199997,"w":0.40972036123275759},"size":58.56102752685547,"orthographic":false}