{"cameraMode":{"drawMode":0,"name":"Shaded","section":"Shading Mode"},"sceneLighting":true,"audioPlay":false,"sceneViewState":{"showFog":true,"showMaterialUpdate":false,"showSkybox":true,"showFlares":true,"showImageEffects":true,"showParticleSystems":true},"in2DMode":false,"pivot":{"x":-8.856254577636719,"y":-381.7826843261719,"z":-7.0904998779296879},"rotation":{"x":0.00203933147713542,"y":-0.7149139046669006,"z":0.6992328763008118,"w":0.002169606741517782},"size":478.4468994140625,"orthographic":false}