{"cameraMode":{"drawMode":0,"name":"Shaded","section":"Shading Mode"},"sceneLighting":true,"audioPlay":false,"sceneViewState":{"showFog":true,"showMaterialUpdate":false,"showSkybox":true,"showFlares":true,"showImageEffects":true,"showParticleSystems":true},"in2DMode":false,"pivot":{"x":11.924568176269532,"y":11.24517822265625,"z":-0.7356632351875305},"rotation":{"x":-0.7077594995498657,"y":-0.003417619736865163,"z":0.00333396065980196,"w":-0.7064715027809143},"size":104.98274993896485,"orthographic":false}