{"cameraMode":{"drawMode":0,"name":"Shaded","section":"Shading Mode"},"sceneLighting":true,"audioPlay":false,"sceneViewState":{"showFog":true,"showMaterialUpdate":false,"showSkybox":true,"showFlares":true,"showImageEffects":true,"showParticleSystems":true},"in2DMode":false,"pivot":{"x":0.5875428318977356,"y":19.883377075195314,"z":-27.343017578125},"rotation":{"x":-0.37492725253105166,"y":-0.0016683752182871104,"z":0.0006062539760023356,"w":-0.9270780086517334},"size":62.78919219970703,"orthographic":false}