{"cameraMode":{"drawMode":0,"name":"Shaded","section":"Shading Mode"},"sceneLighting":true,"audioPlay":false,"sceneViewState":{"showFog":true,"showMaterialUpdate":false,"showSkybox":true,"showFlares":true,"showImageEffects":true,"showParticleSystems":true},"in2DMode":false,"pivot":{"x":-42.08146667480469,"y":-1.681520938873291,"z":-56.90294647216797},"rotation":{"x":0.038902804255485538,"y":0.9597694277763367,"z":-0.16749592125415803,"w":0.22209687530994416},"size":14.114706039428711,"orthographic":false}