{"cameraMode":{"drawMode":0,"name":"Shaded","section":"Shading Mode"},"sceneLighting":true,"audioPlay":false,"sceneViewState":{"showFog":true,"showMaterialUpdate":false,"showSkybox":true,"showFlares":true,"showImageEffects":true,"showParticleSystems":true},"in2DMode":false,"pivot":{"x":-4.532900810241699,"y":-135.17994689941407,"z":67.43872833251953},"rotation":{"x":0.48973867297172549,"y":0.008897085674107075,"z":-0.0049508968368172649,"w":0.8718277812004089},"size":244.21112060546876,"orthographic":false}